{
  "project_info": {
    "project_number": "267045701944",
    "project_id": "spotter-2beb0",
    "storage_bucket": "spotter-2beb0.appspot.com"
  },
  "client": [
    {
      "client_info": {
        "mobilesdk_app_id": "1:267045701944:android:4d7cc48ac1e56a3535d9cd",
        "android_client_info": {
          "package_name": "com.flutterflow.spotter"
        }
      },
      "oauth_client": [
        {
          "client_id": "267045701944-1196var304rfcjn8uvu711nv59opn3df.apps.googleusercontent.com",
          "client_type": 3
        }
      ],
      "api_key": [
        {
          "current_key": "AIzaSyDkp8R7ILUWMRnBSpKqReuJ8LpndHQxo5A"
        }
      ],
      "services": {
        "appinvite_service": {
          "other_platform_oauth_client": [
            {
              "client_id": "267045701944-1196var304rfcjn8uvu711nv59opn3df.apps.googleusercontent.com",
              "client_type": 3
            },
            {
              "client_id": "267045701944-2dos8agrb4tvoo6bukl9g3tjffdujofn.apps.googleusercontent.com",
              "client_type": 2,
              "ios_info": {
                "bundle_id": "com.flutterflow.spotter"
              }
            }
          ]
        }
      }
    }
  ],
  "configuration_version": "1"
}